body,label
"Whether you believe in climate change or not, I dont understand why we still wouldn't pursue alternative forms of energy considering natural gas and oil is a finite resource while renewable energy is infinite. Also, why cant we get behind preserving nature and wildlife on Earth. We also take clean drinking water for granted, but thats even a stretch (""cough flint Michigan cough"")

But I do agree climate change fear mongering is a little blown out of proportion

Edit: I love all of the comments I've gotten to read. I love reading different opinions especially about a topic im very passionate about. Im an energy engineer with a masters in renewable clean energy for reference. Yet at work I mainly deal with commissioning/ retro-commissioning projects.

Edit: when I say renewable is infinite, im referring to how the sun n wind is practically infinite and will never disappear. We also have hydro and geothermal which a lot of people forget about.

Edit: some people are commenting about residential solar. Which when chatting with them, I didnt portay my opinion correctly when saying solar is affordable. I dont expect the average Joe to buy the panels themselves. That duty and pressure will fall on the utility companies. BUT if you truely wanted to buy a small solar system for your house you absolutely can and it is affordable. 
https://www.consumeraffairs.com/solar-energy/how-much-do-solar-panels-cost.html

I remeber research cost in college years back thinking $20k is not terrible. On average now for a simple system, it can be $15k or less. Which can probably lower your bill in half as well as sell energy back to the grind.

Edit: Look up Evansville, Indiana if you want to see the true effects of coal on human health.",climatechange
"The problem isn't really the temperature, but the rate of temperature increase.  You can even see in that plot you posted that the rate of increase is way higher than normal. The effect will be that ecosystems will have a hard time adapting fast enough, and many plant and animal species will go extinct.  The biggest issues for people will be a change in what land can be framed and how many people can be supported in different places.  That is going to be a huge problem for the developing world.  For the US, not so much.  We'll adapt.",climatechange
"OP this doesn't mean anything. No one is arguing that humans are causing the planet to get too warm for the planet. Global warming is simply inconvenient for us. The earth goes through cycles of ice ages and glacial periods, regardless of what we do. But by pumping greenhouse gases into the atmosphere we're speeding up the cycle. If we had left things alone, the polar caps could take a long time before they melted again. By doing what we're doing, we're shortening that time dramatically, perhaps by the order of 99%. 

Having tens of thousands of years to prepare for stuff is one thing, having only 100-200 is quite another. 

And I hate this attitude that calling it climate change is some kind of cop-out. It's not. Climate change is a more accurate term than global warming because pumping GHG into the atmosphere isn't going to make it a lot warmer in some places. The Sahara Desert, for example, is not going to get much warmer. Some places will get a little warmer, and some will get a lot warmer. Also, rainfall patterns will change, and this is a big problem, because it will change what land is viable as agricultural land. 

If anyone doubts that GHG cause global warming, I really encourage you to just start learning the science. Don't look at anything political, just learn the science. Just learn some basic physics. Learn what heat is. Learn what blackbody radiation is. Learn what light is. Learn how we get energy from the sun and how we lose it into space. 

Greenhouse gases are transparent to visible light but opaque to infrared light. This means that increasing them makes the earth warmer. I don't have time to spell it all out, you've got to do your own reading and learning. 

Does this mean that leftwing politicians are right? No. Politics is a completely different matter, and a lot of left wing ""solutions"" to this problem are garbage. But that's another debate. As for the science, human - caused global climate change through the burning of fossil fuels is 100% true. Trying to deny that is like denying very basic physics, it's just ignorant.",climatechange
"Hey bud, 500 million years ago the Earth was uninhabitable. 

‚ÄúThe land was barren, likely dry and rocky. Locally, there may have been microbial soil crust. There was no vegetation as we know it today - no grass, no trees, no plants. This photo shows what the land may have looked like 500 million years ago, during the Cambrian Period.‚Äù

From: https://www.ontariobeneathourfeet.com/first-life-on-land",climatechange
"Yeah sure, Earths average temperatures has fluctuated very often, and the planet is fine, life on it just goes on...

...but you might want to take this graph and put a timeline of mass extinctions on top of it. These happened at 445, 375, 252, 200, and 66 million years ago, and the 6th is happening right now. Do you notice something with these dates and the dates on your graph?

Then go and look up what triggered these events. You'll find that half of them were caused by asteroid impacts or volcanic activity. 2 of them are actually attributed to general rapid change in the climate (one cooling, another warming). ""Rapid"" in this case meaning over the span of over a million years. Not the few decades the current drastic change is happening in; also note that Earth was actually cooling down and based on historic data isn't supposed to be warming up at all, that is until the industrial revolution kicked into high-gear.",climatechange
"The same science that produced this graph is saying that we are having a major impact on our climate. Couple that with our garbage problem, we need to change how we live.",climatechange
"i shouldn‚Äôt really have to say it, but some people dont understand. this graph really doesnt tell us about our current situation. even small degrees in temperature changes can cause dramatic and severe changes to our planet that can not be undone. i urge people, who dont believe or think its not serious, to really look into the facts. even if you dont believe in climate change, we should be trying to live more sustainably especially since fossil fuels are a limited resource and eventually we have to use something else",climatechange
"‚Äúplanet‚Äù cant care less about global warming, cooling, co2 and so on. 

Even nuclear winter. 

Some species will go, other species will flourish. 

Business as usual. 

The only ones who we hurting by this is ourself, and we should act with our own interest in mind weighting tradeoffs.",climatechange
"I'm struggling to see your point. Yes, earth has been a lot hotter than it is now, no one is arguing that. The problem is that the rate at which earth is warming up is extremely high. Of course, that doesn't matter to earth. But to humans and pretty much all other species on earth, such a sudden rise in temperatures will probably have massive consequences. If we partially prevent, or at least limit the amount of sudden warming, the consequences will probably be less. And there is nothing in this graph that suggests this isn't the case. So what is your point?",climatechange
"Most of these other events weren't step changes in the climate, but slower gradual processes, where life could adapt a little more easily. The ones that were step changes (meteorite impacts, mass eruptions) had very bad consequences. 

The current change the climate is experience is on the order of 100-200 years, which is a step change on the scale you plotted, and something we should be very worried about.",climatechange
"That's a great chart! You should add the 6 mass extinction events to it to demonstrate the effects of climate change. I wonder which genus will take over the world this time?

My bets are on Blattodea. Those cockroaches can survive anything!",climatechange
Doesn‚Äôt mean that we shouldn‚Äôt try to slow it down or find a solution.,climatechange
"There is another graph that is also relevant.

Some might argue that 500M years is mostly w/o human inhabitants. So the temp cycles of the last 5M years is a better argument (with similar results). It has to do with ""Milankovitch Cycles"" that science really can't totally explain w/planetary orbitals. Some suspect earth's core and magneto-dynamics are in play too.

The WikiPedia article on [https://en.wikipedia.org/wiki/100,000-year\_problem](https://en.wikipedia.org/wiki/100,000-year_problem)

See the chart here: [https://en.wikipedia.org/wiki/Milankovitch\_cycles#/media/File:Five\_Myr\_Climate\_Change.svg](https://en.wikipedia.org/wiki/Milankovitch_cycles#/media/File:Five_Myr_Climate_Change.svg)

The fluctuation changes are +2¬∞ to -8¬∞ C. It shows we are at the peak of the current cycle and about to go into another cold cycle. So yes, even if man-made CO2 does affect the temp more than say, venting volcanos and ocean bio-mass does, we need to be prepared for global cooling by Nature.

This is one reason for the global cooling scare of the 60s-70's, which was the first attempt at using climate for justifying globalism in autocratic Socialist/Marxist style governments.",climatechange
So yeah we‚Äôll continue to raise the temp until we humans can no longer exist on this planet and then earth will fix itself. Seems like our good old planet is a problem solver!,climatechange
"This is the sort of ‚Äúgotcha‚Äù bullshit that turned news and reporting and journalism into‚Ä¶well, anything but.

Whatever your thoughts on climate change, this doesn‚Äôt prove anything aside from the fact that conservative are just as easily able to be willfully ignorant of topics they don‚Äôt like as democrats are. And this is why we won‚Äôt ever actually get anything done.",climatechange
"The thing is that last candle up on the right of your chart is way faster than it has ever been in the history of our planet. That usually takes a few million years, but it happened in a hundred this time. That‚Äôs why people strongly suspect it‚Äôs human-caused. Regardless, agree that politicization of this has gone to irrational levels. We should do our best to minimize our negative environmental footprints, but in a rational way that doesn‚Äôt destroy our economy.",climatechange
"There's very little meaning to historic data with regards to how the planet will react to a very swift rise in temperatures. Life won't go extinct, and humans neither, but it's everyone's interest to lower the rate and even stop the temperature rise.

But it needs to be addressed smartly, and not by wasting billions on useless policies that won't do anything or might actually do more harm than good.",climatechange
"The scale of this is misleading. It doesn't even represent western civilization (please try and isolate 400 or 1000 years and give me the slope, I dare you). Let alone industrial civilization.

This is a perfect example of cherry picked scale chosen to suit a narrative. If the concern is the rate of increase over 100 years, how could you begin to call this relevant information? ""Today"" looks like a vertical line straight up and is kind of the only relevant piece, and it does *not* do your point any favors. Also what year is ""today""? Because that matters. Was this mapped out in the 70's, 90's etc?",climatechange
Climate change isn‚Äôt a liberal / conservative thing.,climatechange
Let's say we all agree that the rise in global temperatures is all man made. Why does every solution demand a surrender of personal rights and freedoms to an authoritarian state? There is always an element of collectivism intertwined in the proposed solutions. I find these solutions rather hilarious given the fact that government's are the worst polluters known to exist.,climatechange
Geologists were told they didn't know what they were talking about by using rocks to show this.,climatechange
"Climate change denialism, where you say ‚Äúhow could burning billions of gallons of fossil fuels over two centuries possibly impact the weather? Look at these lines!‚Äù

Look y‚Äôall. I‚Äôm not saying stop burning gas. I do it every day on the way to work. I‚Äôm saying stop living in a fantasy land constructed from oil lobby propaganda. Support funding renewables WHILE MAINTAINING current critical fossil fuel uses. 

The notion that climate change is a liberal hoax is the product of propaganda. Oil lobby says hi.

The notion that any person in a position of power wants to press a button and ‚Äústop all fossil fuels‚Äù- is a product of propaganda. 

But shit, if we want our grandkids to be able to walk across a grassy field with blue skies and clean air and nice weather, we better stop playing pretend for political points.",climatechange
"Part of the problem here is the same problem that we face in all topics - the role of activism and ideology in polluting what should be fact-based science. Anyone who understands what's going on knows that these people will do ANYTHING to win. Furthermore, most people's understanding of issues is filtered through third parties - the media - which adds another layer of activist manipulation.",climatechange
"So, according to this, if it keeps on track with the last cycle, we have 50 million years until we need to worry about global warming. 

Check!

Worst case scenario, maybe a million or 2?

Double Check!",climatechange
Of course if you are a Christian YEC this graph isn‚Äôt helpful at all‚Ä¶‚Ä¶.,climatechange
Title says fact. Graph says estimated. I would not go around using this as a valid data source.,climatechange
"Doesn‚Äôt matter. None of what we do matters when huge companies and rich people keep jacking it up. Nothing wrong with reducing your plastic use (which is good for your own health anyways‚Ä¶), or taking public transportation, or buying from companies that are environmentally conscious; however, your contribution is jack diddly compared to those greedy people.",climatechange
It has very little to do with the actual slight warming of the climate since the industrial age started. It's about power the political kind and holding on to it through scare tactics pushing an agenda that benefits themselves the most.,climatechange
"Doesn't matter whether this graph is true or not. Doesn't matter if climate change is real or not. Doesn't matter if the earth is actually millions of years old or not.

**The solution will NOT come by giving. governments. more. power.**",climatechange
I doubt this is a fact. More like a theory. But it's still fun to tease liberals with it üòÇ,climatechange
"Something else that blows their minds is mentioning that, 350 million years ago, we had 8 times the CO2 levels we have today, and life not only survived, but flourished to the point of most of the continents had dense forests and swaps on nearly all coasts, and that's where our coal comes from.  Plus, the ocean at that time was one continuous ocean, and our oil comes from algae that flourished 350 million years ago in that 8 times CO2 level air.",climatechange
"It seems to show that in the last 150 years or so, the temperature has risen so abruptly that we are half way to having no ice caps. That is insane, and incredibly alarming.

Also, humans of only been around for the last 300,000 years. In the blink of an eye we have abruptly changed the make-up of the earth's atmosphere, and the impacts are being seen globally.

At this point, no-one but the most corrupt politicians and business heads deny man-made climate change. It's like denying gravity.

As always, follow the money. Those who deny or attempt to trivialize man-made climate change almost always have links to the fossil fuel industry.

So it appears that this graph, removed from the context in which it shows you are wrong, is blowing your mind but no-one else's.",climatechange
"Important to know the last spike up went 12000 years ago, when temperature went up by 10 degrees Celsius. 

Not today, not 100 years ago but 12 thousand years ago.",climatechange
Are you just going to show a time graph and not mention the max extinction events?,climatechange
Tried to post this on r/politics but they don‚Äôt like facts over there that disrupt their liberal bubble. Hoping this sub will be more open to facts and nuance.,climatechange
"I remembered reading that the earth having frozen ice caps is uncommon in its history in a Brief History of Nearly Everything. Cool chart, thank you for sharing",climatechange
"Direct link to the article, so many people saying this is fake lol. https://www.climate.gov/news-features/climate-qa/whats-hottest-earths-ever-been",climatechange
Original article link: https://www.climate.gov/news-features/climate-qa/whats-hottest-earths-ever-been,climatechange
"No. It won‚Äôt blow the hard core believers mind. It‚Äôs a religion to them. They all have a profound ability to only pay attention to ‚Äútheir authorized ‚Äòfacts‚Äô‚Äù. Any outside sources are forboden and to be dismissed outright as fabricated propaganda (which ironically is all that the agenda driven scientists have to pedal to the society‚Äôs most gullible)

It‚Äôs actually funny how the ‚Äúscience‚Äù community has split off into two groups, agenda driven, and factual research and data driven.  The agenda driven only use future modeling by computer algorithms written as instructed to create a desired outcome, to further an agenda. Reliable historical data collected by means of careful science and research the past 100 years is NEVER taken into account by agenda driven ‚Äúscientists‚Äù. 

Follow the research grant money sourcing. All your questions will be answered.",climatechange
"That brief but extreme dip 440 million years ago was when they switched from Fahrenheit to Celsius, then switched back, but forgot to update the graphs",climatechange
Trust the science,climatechange
"FAKE, FAKE, FAKE!!!

Oi, oi, someone get FBI to this guy's house, FAST! 

/s",climatechange
Remember just like COVID hysteria was used for control and much bigger government so will Climate Change hysteria.,climatechange
"My stance is that climate change (and global warming) has happened before, multiple times, without human intervention and will happen again whether we're here or not.  It's possible that we are speeding it up.  But whatever actions cooled the earth previously will cool it again.

I'm much more worried about pollution/toxins.",climatechange
Even when you prove it right with your own graph you can‚Äôt admit? Lol,climatechange
"I agree that this information doesn‚Äôt account for suitability for human life. However, my perspective is that leftist policies are detrimental to humanity. Many leftists seem to despise and resent humanity so they aren‚Äôt really concerned if people die due to increasing temperatures. They‚Äôre advocacy for stopping climate change is insincere. It is for the purposes of building wealth, increasing power, and virtue signaling.  
  
Also, if leftists really cared about fighting climate change then they would embrace nuclear energy. The fact that they don't shows their insincerity.",climatechange
[removed],climatechange
Without proper context this is misinformation! /s,climatechange
They‚Äôre NPCs. There was a recent article that portrayed the loss of ice-caps as new tropical paradises and blamed the global warming on Saturn. Soon they‚Äôll be celebrating global warming.,climatechange
You said it perfectly,climatechange
"Thank you. 

People don‚Äôt seem to comprehend the words that come out of my mouth when I say that I believe climate change is real, but that what we HEAR about it is likely full of half-truths and even outright fabrications. 

The facts are so muddied with politicised bullshit that it‚Äôs all but impossible to separate fact from fiction from embellishment.",climatechange
I have heard that perhaps we are finally near the end of the ice age that caused the dinosaurs to go extinct.  I don't know of it's true but an interesting theory.,climatechange
"Another way of saying climate change is weather, the climate is constantly changing this is commonly known as weather patterns. In my opinion it is an arrogant mindset to think that anything we do is gonna make a significant difference in these patterns. Modern man is so full of himself and thinks he is so smart he can figure out the alchemy of changing weather patterns. The earth has been going through cooling and warming patterns for millennia, we have only been recording these temperatures for an extremely recent and insignificant slither of the earths history. No one knows what warming or cooling patterns are ""normal"" in terms of the total history of the earth. The whole concept was invented as a means to control the masses.",climatechange
"Climate change is real and has occurred consistently throughout the 4,543,000,000 years the Earth has existed. It is the narrative that humans can and do impact it in any significant way that is a political farce.",climatechange
"The biggest problem with climate change is that you essentially have large organizations that create models that are not reproducible that demonstrate the need for those organizations. The inherent incentive to be biased is so obvious that any study I will pay attention to needs to go to great lengths to explain how they compensated for this inherit incentive issue. The fact is, people have made totally fraudelent models and their careers are still intact. That's because the incentive is not truth, but essentially gaining public support and approval. Just look at Michael Mann and his hockey stick graph - [https://www.theunion.com/opinion/norm-sauer-manns-hockey-stick-a-documented-hoax/](https://www.theunion.com/opinion/norm-sauer-manns-hockey-stick-a-documented-hoax/)  


BTW, it will be hard to find sources on this from sizable news organizations because it's hard to get data on this issue that is free from this bias and what else are news organizations supposed to go off of? It's a real problem.",climatechange
"It‚Äôs not really about the climate it‚Äôs about the control.  No matter what problem the left claims to need to address the solution is more power in the government, a bigger role for the government.  Does public housing serve the poor or does it serve the politically connected landlords?  Does climate policy serve the climate or the politically connected ‚Äúgreen‚Äù energy companies?  Does education policy serve students or teachers unions?  Go down the list issue by issue it‚Äôs the same.

The best way to defeat them is to show that they are frauds.  Their voters have understandable concerns for the most part.  Democrats and their policies aren‚Äôt solutions to them.",climatechange
DeSantis is a hypocrite! üòÄ,climatechange
"I totally believe in climate change. I totally disbelieve that the majority of climate change is caused by humans. Areas that were fertile growing grounds thousands of years ago are now deserts. This happened before the Industrial Age. 

Can man be kinder to nature? Of course. But don‚Äôt throw the baby out with the bath water.",climatechange
I thought all of you believed the world was made a couple thousand years ago...,climatechange
"No, no, no....the world is ending. Stop.",climatechange
Deez nuts are sweaty,climatechange
"All you electric car people enjoy that you couldn‚Äôt get away now. But if you drive the electric car, we wouldn‚Äôt have hurricanes. Lmao",climatechange
"Why does no one talk about how this is a completely made up chart? Why do people believe that our temperature numbers for 1000 years ago are accurate, let alone 1 million years ago‚Ä¶ educated guesses with almost zero data, they don‚Äôt know shit",climatechange
[removed],climatechange
"If humans weren‚Äôt here like I read in the comments, how do we explain the heating and cooling? I mean it‚Äôs so obviously our fault according to the WEF that want us to own nothing and be happy about it.",climatechange
"Well, *that‚Äôs* an inconvenient truth!",climatechange
"Also, the [NOAA keeps changing history](https://postimg.cc/mPzdf23p)

Edit:  Down-voting doesn't change history either.",climatechange
">>No this doesn't mean climate change is fake

Lol yes it does",climatechange
Mine is that 8 hours in a packed jumbo jet puts you over your annual carbon allowance.,climatechange
"For relevancy, that chart shows that for the entirety of human civilization it has been getting hotter. It may be considerably cooler than the past but it's still getting hotter which is a problem. Humans and society can only  handle so much heat.",climatechange
"The end of civilization, or even humanity, doesn't mean the end of the world, or of all, or even any, life on it.

Humans are one species, we can die off and the world will keep puttering on, just as it did before us.",climatechange
So we were at a bottom. The only way to go from there is clearly up.,climatechange
Bold of you to assume liberals have minds.,climatechange
"I‚Äôm all for a cleaner planet, but let‚Äôs maybe get China and other heavily polluted nations on board before we cut off our own arms.",climatechange
"This is a very useful graph

Any chance you could find a similar graph that also plots global greenhouse gas emissions levels at the same time?",climatechange
[deleted],climatechange
Can you post the link to this?,climatechange
"Right... This seems to imply the sea levels are'a'changin'. And we have a LOT of cities by the water. To say nothing of the farm land becoming desert.    

It might not be doomsday for the planet. But it is for us (humans). We seem to benefit from the ice caps existing.",climatechange
"But we and everything we rely on to eat evolved for the climate at the bottom of the dip. 
Changes are also rather rapid. Those changes above took millions of years. Changes today are taking hundreds. Doesn't really blow anybodies mind.",climatechange
That graph is not an own. It‚Äôs actually really bad!,climatechange
Now do one for the last 3000 years and see the uptic from the 1800's,climatechange
[deleted],climatechange
"Clearly don‚Äôt understand about the ozone layer. Humans have literally **** the planet. CO2 emissions, China making the world their trash dump, seas getting destroyed by fishing/trash, forests getting blastered, renewable resources not coping with demand‚Ä¶ so much shit. Let‚Äôs see you live through melted ice caps. Hope you don‚Äôt live in Florida ü§£ü§£ü§£",climatechange
"Do, do you see the rate of growth?  We are accelerating to a temperature which will create an environment humans have never lived in. Nobody is saying the world will end, but weather patterns change, food supply, habitable land, etc. We can‚Äôt adapt slowly and it‚Äôs not something that would be easy to adapt to in the first place.",climatechange
This is not how climate works.,climatechange
"I was unaware that being conservative was synonymous with being anti-science. Is the OP also a flat earther who believes the 5G towers caused COVID? It's no wonder the world views us as poorly educated red necks. Can we please go back to the days when being a conservative meant small government, personal freedom and family values and ditch the aluminum hat wearing conspiracy nuts?",climatechange
"I'll do you one better: [Climate alarmists don't merely believe the future is getting warmer, they believe the past is actually becoming colder.](https://realclimatescience.com/2019/06/tampering-past-the-tipping-point/)",climatechange
"I'm of the opinion that even IF global warming comes about in the next however long, we won't be here anymore. And I don't mean off in space on the S.S. Musk. I believe God will have come to rebuild here waaaay before this is even close to being an issue. So regardless of its current course it will never be a problem for us. And furthermore neither will finite resources.",climatechange
Seems like a pretty sharp incline at the end there.,climatechange
"Yeah but take the first derivative, it‚Äôs accelerating at a rate that‚Äôs very concerning",climatechange
"Yeah dude, this isn‚Äôt news to anyone who knows the slightest amount about climate science and it doesn‚Äôt change anything about man-made climate change.  Humans weren‚Äôt around during any of those big changes.  The earth will survive climate change just fine‚Ä¶but humans could have a pretty tough time.  You aren‚Äôt ‚Äúblowing minds‚Äù here, just showing that you haven‚Äôt put much effort in to understand it.",climatechange
You‚Äôre goofy if you think this doesn‚Äôt prove what libs are saying about climate change. Wtf is that jump in the last few decades,climatechange
They would claim it‚Äôs fake,climatechange
"Hell, the earth used to be a ball of molten rock! Must've been really hot back then! No worries!

Do the same thing with inflation. It's been much higher in the past and in other places. 9% a year of nothing to worry about! People elsewhere are living with 70% inflation! No problem!

You need details to actually make sense of the big picture.",climatechange
Look at how sharply the temperature is increasing at the end of your chart.,climatechange
Yea but then how do you explain the fact that a hurricane just hit the US?,climatechange
This doesn‚Äôt prove anything. All you can really extrapolate from this is that coastlines are undergoing constant change throughout Earth‚Äôs history which is no surprise. Coastal flooding through ocean rise is the most overblown climate risk. It‚Äôs the least worrisome of the climate risks we‚Äôre about to experience if we allow the planet to warm past 1.5C.,climatechange
"We‚Äôll be ok, as long as we keep wearing our masks.",climatechange
[deleted],climatechange
"I'll say I'm a conservative who believes in climate change but the use of it in our current politics is out of hand. Honestly, I was skeptical about climate change until I started doing environmental chemistry, and it's pretty obvious humans and the things we've created (fossil fuels/agriculture/ ect.) Have and continue to play a significant role in various forms of climate change. The earth has been way hotter on average for much of it's history, but it's the rate of the temperature increase that's the biggest issue, not necessarily the fact that they are happening.

My biggest concern isn't the temp but the acidification of our oceans. THAT'S going to be the real issue in THIS generations life time. Combined with micro plastics in the oceans, you've got the recipe for predator species of fish becoming extinct in the coming years. Specifically marlins. 1 in 4 of them are born as hermaphrodites (male and female sex organs) and can't reproduce properly. Once they go, the whole thing (ocean) gets thrown upside down and will have to find a new balance. The time that will take will be the problem for us. Not to mention the bleaching of coral (Australia) that's pretty bad too.",climatechange
"Whether you believe in climate change or not, I dont understand why we still wouldn't pursue alternative forms of energy considering natural gas and oil is a finite resource while renewable energy is infinite. Also, why cant we get behind preserving nature and wildlife on Earth. We also take clean drinking water for granted, but thats even a stretch (""cough flint Michigan cough"")

But I do agree climate change fear mongering is a little blown out of proportion

Edit: I love all of the comments I've gotten to read. I love reading different opinions especially about a topic im very passionate about. Im an energy engineer with a masters in renewable clean energy for reference. Yet at work I mainly deal with commissioning/ retro-commissioning projects.

Edit: when I say renewable is infinite, im referring to how the sun n wind is practically infinite and will never disappear. We also have hydro and geothermal which a lot of people forget about.

Edit: some people are commenting about residential solar. Which when chatting with them, I didnt portay my opinion correctly when saying solar is affordable. I dont expect the average Joe to buy the panels themselves. That duty and pressure will fall on the utility companies. BUT if you truely wanted to buy a small solar system for your house you absolutely can and it is affordable. 
https://www.consumeraffairs.com/solar-energy/how-much-do-solar-panels-cost.html

I remeber research cost in college years back thinking $20k is not terrible. On average now for a simple system, it can be $15k or less. Which can probably lower your bill in half as well as sell energy back to the grind.

Edit: Look up Evansville, Indiana if you want to see the true effects of coal on human health.",conservative
"The problem isn't really the temperature, but the rate of temperature increase.  You can even see in that plot you posted that the rate of increase is way higher than normal. The effect will be that ecosystems will have a hard time adapting fast enough, and many plant and animal species will go extinct.  The biggest issues for people will be a change in what land can be framed and how many people can be supported in different places.  That is going to be a huge problem for the developing world.  For the US, not so much.  We'll adapt.",conservative
"OP this doesn't mean anything. No one is arguing that humans are causing the planet to get too warm for the planet. Global warming is simply inconvenient for us. The earth goes through cycles of ice ages and glacial periods, regardless of what we do. But by pumping greenhouse gases into the atmosphere we're speeding up the cycle. If we had left things alone, the polar caps could take a long time before they melted again. By doing what we're doing, we're shortening that time dramatically, perhaps by the order of 99%. 

Having tens of thousands of years to prepare for stuff is one thing, having only 100-200 is quite another. 

And I hate this attitude that calling it climate change is some kind of cop-out. It's not. Climate change is a more accurate term than global warming because pumping GHG into the atmosphere isn't going to make it a lot warmer in some places. The Sahara Desert, for example, is not going to get much warmer. Some places will get a little warmer, and some will get a lot warmer. Also, rainfall patterns will change, and this is a big problem, because it will change what land is viable as agricultural land. 

If anyone doubts that GHG cause global warming, I really encourage you to just start learning the science. Don't look at anything political, just learn the science. Just learn some basic physics. Learn what heat is. Learn what blackbody radiation is. Learn what light is. Learn how we get energy from the sun and how we lose it into space. 

Greenhouse gases are transparent to visible light but opaque to infrared light. This means that increasing them makes the earth warmer. I don't have time to spell it all out, you've got to do your own reading and learning. 

Does this mean that leftwing politicians are right? No. Politics is a completely different matter, and a lot of left wing ""solutions"" to this problem are garbage. But that's another debate. As for the science, human - caused global climate change through the burning of fossil fuels is 100% true. Trying to deny that is like denying very basic physics, it's just ignorant.",conservative
"Hey bud, 500 million years ago the Earth was uninhabitable. 

‚ÄúThe land was barren, likely dry and rocky. Locally, there may have been microbial soil crust. There was no vegetation as we know it today - no grass, no trees, no plants. This photo shows what the land may have looked like 500 million years ago, during the Cambrian Period.‚Äù

From: https://www.ontariobeneathourfeet.com/first-life-on-land",conservative
"Yeah sure, Earths average temperatures has fluctuated very often, and the planet is fine, life on it just goes on...

...but you might want to take this graph and put a timeline of mass extinctions on top of it. These happened at 445, 375, 252, 200, and 66 million years ago, and the 6th is happening right now. Do you notice something with these dates and the dates on your graph?

Then go and look up what triggered these events. You'll find that half of them were caused by asteroid impacts or volcanic activity. 2 of them are actually attributed to general rapid change in the climate (one cooling, another warming). ""Rapid"" in this case meaning over the span of over a million years. Not the few decades the current drastic change is happening in; also note that Earth was actually cooling down and based on historic data isn't supposed to be warming up at all, that is until the industrial revolution kicked into high-gear.",conservative
"The same science that produced this graph is saying that we are having a major impact on our climate. Couple that with our garbage problem, we need to change how we live.",conservative
"i shouldn‚Äôt really have to say it, but some people dont understand. this graph really doesnt tell us about our current situation. even small degrees in temperature changes can cause dramatic and severe changes to our planet that can not be undone. i urge people, who dont believe or think its not serious, to really look into the facts. even if you dont believe in climate change, we should be trying to live more sustainably especially since fossil fuels are a limited resource and eventually we have to use something else",conservative
"‚Äúplanet‚Äù cant care less about global warming, cooling, co2 and so on. 

Even nuclear winter. 

Some species will go, other species will flourish. 

Business as usual. 

The only ones who we hurting by this is ourself, and we should act with our own interest in mind weighting tradeoffs.",conservative
"I'm struggling to see your point. Yes, earth has been a lot hotter than it is now, no one is arguing that. The problem is that the rate at which earth is warming up is extremely high. Of course, that doesn't matter to earth. But to humans and pretty much all other species on earth, such a sudden rise in temperatures will probably have massive consequences. If we partially prevent, or at least limit the amount of sudden warming, the consequences will probably be less. And there is nothing in this graph that suggests this isn't the case. So what is your point?",conservative
"Most of these other events weren't step changes in the climate, but slower gradual processes, where life could adapt a little more easily. The ones that were step changes (meteorite impacts, mass eruptions) had very bad consequences. 

The current change the climate is experience is on the order of 100-200 years, which is a step change on the scale you plotted, and something we should be very worried about.",conservative
"That's a great chart! You should add the 6 mass extinction events to it to demonstrate the effects of climate change. I wonder which genus will take over the world this time?

My bets are on Blattodea. Those cockroaches can survive anything!",conservative
Doesn‚Äôt mean that we shouldn‚Äôt try to slow it down or find a solution.,conservative
"There is another graph that is also relevant.

Some might argue that 500M years is mostly w/o human inhabitants. So the temp cycles of the last 5M years is a better argument (with similar results). It has to do with ""Milankovitch Cycles"" that science really can't totally explain w/planetary orbitals. Some suspect earth's core and magneto-dynamics are in play too.

The WikiPedia article on [https://en.wikipedia.org/wiki/100,000-year\_problem](https://en.wikipedia.org/wiki/100,000-year_problem)

See the chart here: [https://en.wikipedia.org/wiki/Milankovitch\_cycles#/media/File:Five\_Myr\_Climate\_Change.svg](https://en.wikipedia.org/wiki/Milankovitch_cycles#/media/File:Five_Myr_Climate_Change.svg)

The fluctuation changes are +2¬∞ to -8¬∞ C. It shows we are at the peak of the current cycle and about to go into another cold cycle. So yes, even if man-made CO2 does affect the temp more than say, venting volcanos and ocean bio-mass does, we need to be prepared for global cooling by Nature.

This is one reason for the global cooling scare of the 60s-70's, which was the first attempt at using climate for justifying globalism in autocratic Socialist/Marxist style governments.",conservative
So yeah we‚Äôll continue to raise the temp until we humans can no longer exist on this planet and then earth will fix itself. Seems like our good old planet is a problem solver!,conservative
"This is the sort of ‚Äúgotcha‚Äù bullshit that turned news and reporting and journalism into‚Ä¶well, anything but.

Whatever your thoughts on climate change, this doesn‚Äôt prove anything aside from the fact that conservative are just as easily able to be willfully ignorant of topics they don‚Äôt like as democrats are. And this is why we won‚Äôt ever actually get anything done.",conservative
"The thing is that last candle up on the right of your chart is way faster than it has ever been in the history of our planet. That usually takes a few million years, but it happened in a hundred this time. That‚Äôs why people strongly suspect it‚Äôs human-caused. Regardless, agree that politicization of this has gone to irrational levels. We should do our best to minimize our negative environmental footprints, but in a rational way that doesn‚Äôt destroy our economy.",conservative
"There's very little meaning to historic data with regards to how the planet will react to a very swift rise in temperatures. Life won't go extinct, and humans neither, but it's everyone's interest to lower the rate and even stop the temperature rise.

But it needs to be addressed smartly, and not by wasting billions on useless policies that won't do anything or might actually do more harm than good.",conservative
"The scale of this is misleading. It doesn't even represent western civilization (please try and isolate 400 or 1000 years and give me the slope, I dare you). Let alone industrial civilization.

This is a perfect example of cherry picked scale chosen to suit a narrative. If the concern is the rate of increase over 100 years, how could you begin to call this relevant information? ""Today"" looks like a vertical line straight up and is kind of the only relevant piece, and it does *not* do your point any favors. Also what year is ""today""? Because that matters. Was this mapped out in the 70's, 90's etc?",conservative
Climate change isn‚Äôt a liberal / conservative thing.,conservative
Let's say we all agree that the rise in global temperatures is all man made. Why does every solution demand a surrender of personal rights and freedoms to an authoritarian state? There is always an element of collectivism intertwined in the proposed solutions. I find these solutions rather hilarious given the fact that government's are the worst polluters known to exist.,conservative
Geologists were told they didn't know what they were talking about by using rocks to show this.,conservative
"Climate change denialism, where you say ‚Äúhow could burning billions of gallons of fossil fuels over two centuries possibly impact the weather? Look at these lines!‚Äù

Look y‚Äôall. I‚Äôm not saying stop burning gas. I do it every day on the way to work. I‚Äôm saying stop living in a fantasy land constructed from oil lobby propaganda. Support funding renewables WHILE MAINTAINING current critical fossil fuel uses. 

The notion that climate change is a liberal hoax is the product of propaganda. Oil lobby says hi.

The notion that any person in a position of power wants to press a button and ‚Äústop all fossil fuels‚Äù- is a product of propaganda. 

But shit, if we want our grandkids to be able to walk across a grassy field with blue skies and clean air and nice weather, we better stop playing pretend for political points.",conservative
"Part of the problem here is the same problem that we face in all topics - the role of activism and ideology in polluting what should be fact-based science. Anyone who understands what's going on knows that these people will do ANYTHING to win. Furthermore, most people's understanding of issues is filtered through third parties - the media - which adds another layer of activist manipulation.",conservative
"So, according to this, if it keeps on track with the last cycle, we have 50 million years until we need to worry about global warming. 

Check!

Worst case scenario, maybe a million or 2?

Double Check!",conservative
Of course if you are a Christian YEC this graph isn‚Äôt helpful at all‚Ä¶‚Ä¶.,conservative
Title says fact. Graph says estimated. I would not go around using this as a valid data source.,conservative
"Doesn‚Äôt matter. None of what we do matters when huge companies and rich people keep jacking it up. Nothing wrong with reducing your plastic use (which is good for your own health anyways‚Ä¶), or taking public transportation, or buying from companies that are environmentally conscious; however, your contribution is jack diddly compared to those greedy people.",conservative
It has very little to do with the actual slight warming of the climate since the industrial age started. It's about power the political kind and holding on to it through scare tactics pushing an agenda that benefits themselves the most.,conservative
"Doesn't matter whether this graph is true or not. Doesn't matter if climate change is real or not. Doesn't matter if the earth is actually millions of years old or not.

**The solution will NOT come by giving. governments. more. power.**",conservative
I doubt this is a fact. More like a theory. But it's still fun to tease liberals with it üòÇ,conservative
"Something else that blows their minds is mentioning that, 350 million years ago, we had 8 times the CO2 levels we have today, and life not only survived, but flourished to the point of most of the continents had dense forests and swaps on nearly all coasts, and that's where our coal comes from.  Plus, the ocean at that time was one continuous ocean, and our oil comes from algae that flourished 350 million years ago in that 8 times CO2 level air.",conservative
"It seems to show that in the last 150 years or so, the temperature has risen so abruptly that we are half way to having no ice caps. That is insane, and incredibly alarming.

Also, humans of only been around for the last 300,000 years. In the blink of an eye we have abruptly changed the make-up of the earth's atmosphere, and the impacts are being seen globally.

At this point, no-one but the most corrupt politicians and business heads deny man-made climate change. It's like denying gravity.

As always, follow the money. Those who deny or attempt to trivialize man-made climate change almost always have links to the fossil fuel industry.

So it appears that this graph, removed from the context in which it shows you are wrong, is blowing your mind but no-one else's.",conservative
"Important to know the last spike up went 12000 years ago, when temperature went up by 10 degrees Celsius. 

Not today, not 100 years ago but 12 thousand years ago.",conservative
Are you just going to show a time graph and not mention the max extinction events?,conservative
Tried to post this on r/politics but they don‚Äôt like facts over there that disrupt their liberal bubble. Hoping this sub will be more open to facts and nuance.,conservative
"I remembered reading that the earth having frozen ice caps is uncommon in its history in a Brief History of Nearly Everything. Cool chart, thank you for sharing",conservative
"Direct link to the article, so many people saying this is fake lol. https://www.climate.gov/news-features/climate-qa/whats-hottest-earths-ever-been",conservative
Original article link: https://www.climate.gov/news-features/climate-qa/whats-hottest-earths-ever-been,conservative
"No. It won‚Äôt blow the hard core believers mind. It‚Äôs a religion to them. They all have a profound ability to only pay attention to ‚Äútheir authorized ‚Äòfacts‚Äô‚Äù. Any outside sources are forboden and to be dismissed outright as fabricated propaganda (which ironically is all that the agenda driven scientists have to pedal to the society‚Äôs most gullible)

It‚Äôs actually funny how the ‚Äúscience‚Äù community has split off into two groups, agenda driven, and factual research and data driven.  The agenda driven only use future modeling by computer algorithms written as instructed to create a desired outcome, to further an agenda. Reliable historical data collected by means of careful science and research the past 100 years is NEVER taken into account by agenda driven ‚Äúscientists‚Äù. 

Follow the research grant money sourcing. All your questions will be answered.",conservative
"That brief but extreme dip 440 million years ago was when they switched from Fahrenheit to Celsius, then switched back, but forgot to update the graphs",conservative
Trust the science,conservative
"FAKE, FAKE, FAKE!!!

Oi, oi, someone get FBI to this guy's house, FAST! 

/s",conservative
Remember just like COVID hysteria was used for control and much bigger government so will Climate Change hysteria.,conservative
"My stance is that climate change (and global warming) has happened before, multiple times, without human intervention and will happen again whether we're here or not.  It's possible that we are speeding it up.  But whatever actions cooled the earth previously will cool it again.

I'm much more worried about pollution/toxins.",conservative
Even when you prove it right with your own graph you can‚Äôt admit? Lol,conservative
"I agree that this information doesn‚Äôt account for suitability for human life. However, my perspective is that leftist policies are detrimental to humanity. Many leftists seem to despise and resent humanity so they aren‚Äôt really concerned if people die due to increasing temperatures. They‚Äôre advocacy for stopping climate change is insincere. It is for the purposes of building wealth, increasing power, and virtue signaling.  
  
Also, if leftists really cared about fighting climate change then they would embrace nuclear energy. The fact that they don't shows their insincerity.",conservative
[removed],conservative
Without proper context this is misinformation! /s,conservative
They‚Äôre NPCs. There was a recent article that portrayed the loss of ice-caps as new tropical paradises and blamed the global warming on Saturn. Soon they‚Äôll be celebrating global warming.,conservative
You said it perfectly,conservative
"Thank you. 

People don‚Äôt seem to comprehend the words that come out of my mouth when I say that I believe climate change is real, but that what we HEAR about it is likely full of half-truths and even outright fabrications. 

The facts are so muddied with politicised bullshit that it‚Äôs all but impossible to separate fact from fiction from embellishment.",conservative
I have heard that perhaps we are finally near the end of the ice age that caused the dinosaurs to go extinct.  I don't know of it's true but an interesting theory.,conservative
"Another way of saying climate change is weather, the climate is constantly changing this is commonly known as weather patterns. In my opinion it is an arrogant mindset to think that anything we do is gonna make a significant difference in these patterns. Modern man is so full of himself and thinks he is so smart he can figure out the alchemy of changing weather patterns. The earth has been going through cooling and warming patterns for millennia, we have only been recording these temperatures for an extremely recent and insignificant slither of the earths history. No one knows what warming or cooling patterns are ""normal"" in terms of the total history of the earth. The whole concept was invented as a means to control the masses.",conservative
"Climate change is real and has occurred consistently throughout the 4,543,000,000 years the Earth has existed. It is the narrative that humans can and do impact it in any significant way that is a political farce.",conservative
"The biggest problem with climate change is that you essentially have large organizations that create models that are not reproducible that demonstrate the need for those organizations. The inherent incentive to be biased is so obvious that any study I will pay attention to needs to go to great lengths to explain how they compensated for this inherit incentive issue. The fact is, people have made totally fraudelent models and their careers are still intact. That's because the incentive is not truth, but essentially gaining public support and approval. Just look at Michael Mann and his hockey stick graph - [https://www.theunion.com/opinion/norm-sauer-manns-hockey-stick-a-documented-hoax/](https://www.theunion.com/opinion/norm-sauer-manns-hockey-stick-a-documented-hoax/)  


BTW, it will be hard to find sources on this from sizable news organizations because it's hard to get data on this issue that is free from this bias and what else are news organizations supposed to go off of? It's a real problem.",conservative
"It‚Äôs not really about the climate it‚Äôs about the control.  No matter what problem the left claims to need to address the solution is more power in the government, a bigger role for the government.  Does public housing serve the poor or does it serve the politically connected landlords?  Does climate policy serve the climate or the politically connected ‚Äúgreen‚Äù energy companies?  Does education policy serve students or teachers unions?  Go down the list issue by issue it‚Äôs the same.

The best way to defeat them is to show that they are frauds.  Their voters have understandable concerns for the most part.  Democrats and their policies aren‚Äôt solutions to them.",conservative
DeSantis is a hypocrite! üòÄ,conservative
"I totally believe in climate change. I totally disbelieve that the majority of climate change is caused by humans. Areas that were fertile growing grounds thousands of years ago are now deserts. This happened before the Industrial Age. 

Can man be kinder to nature? Of course. But don‚Äôt throw the baby out with the bath water.",conservative
I thought all of you believed the world was made a couple thousand years ago...,conservative
"No, no, no....the world is ending. Stop.",conservative
Deez nuts are sweaty,conservative
"All you electric car people enjoy that you couldn‚Äôt get away now. But if you drive the electric car, we wouldn‚Äôt have hurricanes. Lmao",conservative
"Why does no one talk about how this is a completely made up chart? Why do people believe that our temperature numbers for 1000 years ago are accurate, let alone 1 million years ago‚Ä¶ educated guesses with almost zero data, they don‚Äôt know shit",conservative
[removed],conservative
"If humans weren‚Äôt here like I read in the comments, how do we explain the heating and cooling? I mean it‚Äôs so obviously our fault according to the WEF that want us to own nothing and be happy about it.",conservative
"Well, *that‚Äôs* an inconvenient truth!",conservative
"Also, the [NOAA keeps changing history](https://postimg.cc/mPzdf23p)

Edit:  Down-voting doesn't change history either.",conservative
">>No this doesn't mean climate change is fake

Lol yes it does",conservative
Mine is that 8 hours in a packed jumbo jet puts you over your annual carbon allowance.,conservative
"For relevancy, that chart shows that for the entirety of human civilization it has been getting hotter. It may be considerably cooler than the past but it's still getting hotter which is a problem. Humans and society can only  handle so much heat.",conservative
"The end of civilization, or even humanity, doesn't mean the end of the world, or of all, or even any, life on it.

Humans are one species, we can die off and the world will keep puttering on, just as it did before us.",conservative
So we were at a bottom. The only way to go from there is clearly up.,conservative
Bold of you to assume liberals have minds.,conservative
"I‚Äôm all for a cleaner planet, but let‚Äôs maybe get China and other heavily polluted nations on board before we cut off our own arms.",conservative
"This is a very useful graph

Any chance you could find a similar graph that also plots global greenhouse gas emissions levels at the same time?",conservative
[deleted],conservative
Can you post the link to this?,conservative
"Right... This seems to imply the sea levels are'a'changin'. And we have a LOT of cities by the water. To say nothing of the farm land becoming desert.    

It might not be doomsday for the planet. But it is for us (humans). We seem to benefit from the ice caps existing.",conservative
"But we and everything we rely on to eat evolved for the climate at the bottom of the dip. 
Changes are also rather rapid. Those changes above took millions of years. Changes today are taking hundreds. Doesn't really blow anybodies mind.",conservative
That graph is not an own. It‚Äôs actually really bad!,conservative
Now do one for the last 3000 years and see the uptic from the 1800's,conservative
[deleted],conservative
"Clearly don‚Äôt understand about the ozone layer. Humans have literally **** the planet. CO2 emissions, China making the world their trash dump, seas getting destroyed by fishing/trash, forests getting blastered, renewable resources not coping with demand‚Ä¶ so much shit. Let‚Äôs see you live through melted ice caps. Hope you don‚Äôt live in Florida ü§£ü§£ü§£",conservative
"Do, do you see the rate of growth?  We are accelerating to a temperature which will create an environment humans have never lived in. Nobody is saying the world will end, but weather patterns change, food supply, habitable land, etc. We can‚Äôt adapt slowly and it‚Äôs not something that would be easy to adapt to in the first place.",conservative
This is not how climate works.,conservative
"I was unaware that being conservative was synonymous with being anti-science. Is the OP also a flat earther who believes the 5G towers caused COVID? It's no wonder the world views us as poorly educated red necks. Can we please go back to the days when being a conservative meant small government, personal freedom and family values and ditch the aluminum hat wearing conspiracy nuts?",conservative
"I'll do you one better: [Climate alarmists don't merely believe the future is getting warmer, they believe the past is actually becoming colder.](https://realclimatescience.com/2019/06/tampering-past-the-tipping-point/)",conservative
"I'm of the opinion that even IF global warming comes about in the next however long, we won't be here anymore. And I don't mean off in space on the S.S. Musk. I believe God will have come to rebuild here waaaay before this is even close to being an issue. So regardless of its current course it will never be a problem for us. And furthermore neither will finite resources.",conservative
Seems like a pretty sharp incline at the end there.,conservative
"Yeah but take the first derivative, it‚Äôs accelerating at a rate that‚Äôs very concerning",conservative
"Yeah dude, this isn‚Äôt news to anyone who knows the slightest amount about climate science and it doesn‚Äôt change anything about man-made climate change.  Humans weren‚Äôt around during any of those big changes.  The earth will survive climate change just fine‚Ä¶but humans could have a pretty tough time.  You aren‚Äôt ‚Äúblowing minds‚Äù here, just showing that you haven‚Äôt put much effort in to understand it.",conservative
You‚Äôre goofy if you think this doesn‚Äôt prove what libs are saying about climate change. Wtf is that jump in the last few decades,conservative
They would claim it‚Äôs fake,conservative
"Hell, the earth used to be a ball of molten rock! Must've been really hot back then! No worries!

Do the same thing with inflation. It's been much higher in the past and in other places. 9% a year of nothing to worry about! People elsewhere are living with 70% inflation! No problem!

You need details to actually make sense of the big picture.",conservative
Look at how sharply the temperature is increasing at the end of your chart.,conservative
Yea but then how do you explain the fact that a hurricane just hit the US?,conservative
This doesn‚Äôt prove anything. All you can really extrapolate from this is that coastlines are undergoing constant change throughout Earth‚Äôs history which is no surprise. Coastal flooding through ocean rise is the most overblown climate risk. It‚Äôs the least worrisome of the climate risks we‚Äôre about to experience if we allow the planet to warm past 1.5C.,conservative
"We‚Äôll be ok, as long as we keep wearing our masks.",conservative
[deleted],conservative
"I'll say I'm a conservative who believes in climate change but the use of it in our current politics is out of hand. Honestly, I was skeptical about climate change until I started doing environmental chemistry, and it's pretty obvious humans and the things we've created (fossil fuels/agriculture/ ect.) Have and continue to play a significant role in various forms of climate change. The earth has been way hotter on average for much of it's history, but it's the rate of the temperature increase that's the biggest issue, not necessarily the fact that they are happening.

My biggest concern isn't the temp but the acidification of our oceans. THAT'S going to be the real issue in THIS generations life time. Combined with micro plastics in the oceans, you've got the recipe for predator species of fish becoming extinct in the coming years. Specifically marlins. 1 in 4 of them are born as hermaphrodites (male and female sex organs) and can't reproduce properly. Once they go, the whole thing (ocean) gets thrown upside down and will have to find a new balance. The time that will take will be the problem for us. Not to mention the bleaching of coral (Australia) that's pretty bad too.",conservative
